{
	"format_version": "1.8.0",
	"animations": {
		"active_a": {
			"loop": true,
			"animation_length": 5,
			"bones": {
				"bone": {
					"position": {
						"0.0": [0, 0, 0],
						"0.0417": [0, 0.02773, 0],
						"0.5833": [0, 0.7542, 0],
						"1.125": [0, 1.55341, 0],
						"1.6667": [0, 2.35184, 0],
						"2.2083": [0, 3.12257, 0],
						"2.75": [0, 3.80852, 0],
						"2.9167": [0, 3.9636, 0],
						"2.9583": [0, 3.98862, 0],
						"3.0": [0, 4, 0],
						"3.5417": [0, 4.00479, 0],
						"3.75": [0, 4, 0],
						"3.7917": [0, 3.95707, 0],
						"3.8333": [0, 3.81933, 0],
						"3.875": [0, 3.55309, 0],
						"3.9167": [0, 3.09565, 0],
						"3.9583": [0, 2.29595, 0],
						"4.0": [0, 0, 0]
					}
				}
			}
		},
		"active_b": {
			"loop": true,
			"animation_length": 5,
			"bones": {
				"bone": {
					"position": {
						"0.0": [0, 0, 0],
						"0.0417": [0, 0.02773, 0],
						"0.5833": [0, 0.7542, 0],
						"1.125": [0, 1.55341, 0],
						"1.6667": [0, 2.35184, 0],
						"2.2083": [0, 3.12257, 0],
						"2.75": [0, 3.80852, 0],
						"2.9167": [0, 3.9636, 0],
						"2.9583": [0, 3.98862, 0],
						"3.0": [0, 4, 0],
						"3.5417": [0, 4.00479, 0],
						"3.75": [0, 4, 0],
						"3.7917": [0, 3.95707, 0],
						"3.8333": [0, 3.81933, 0],
						"3.875": [0, 3.55309, 0],
						"3.9167": [0, 3.09565, 0],
						"3.9583": [0, 2.29595, 0],
						"4.0": [0, 0, 0]
					}
				}
			}
		}
	}
}