{
	"format_version": "1.8.0",
	"animations": {
		"active": {
			"animation_length": 3,
			"bones": {
				"bone": {
					"position": {
						"0.0": [0, 0, 0],
						"0.0417": [0, 0.04111, 0],
						"0.0833": [0, 0.12142, 0],
						"0.125": [0, 0.22151, 0],
						"0.6667": [0, 1.95255, 0],
						"1.0": [0, 3.00812, 0],
						"1.2083": [0, 3.56724, 0],
						"1.3333": [0, 3.82829, 0],
						"1.375": [0, 3.89561, 0],
						"1.4167": [0, 3.9494, 0],
						"1.4583": [0, 3.98605, 0],
						"1.5": [0, 4, 0],
						"2.0417": [0, 4.00767, 0],
						"2.5833": [0, 4.00354, 0],
						"2.75": [0, 4, 0],
						"2.7917": [0, 3.95707, 0],
						"2.8333": [0, 3.81933, 0],
						"2.875": [0, 3.55309, 0],
						"2.9167": [0, 3.09565, 0],
						"2.9583": [0, 2.29595, 0],
						"3.0": [0, 0, 0]
					}
				}
			}
		}
	}
}